"Tabela 9923 - População residente, por situação do domicílio"
"Variável - População residente (Pessoas)"
"Cód.";"Unidade da Federação e Município";"Ano x Situação do domicílio"
"Cód.";"Unidade da Federação e Município";"2022"
"Cód.";"Unidade da Federação e Município";"Rural"
"21";"Maranhão";"1969709"
"2100055";"Açailândia (MA)";"11970"
"2100105";"Afonso Cunha (MA)";"3109"
"2100154";"Água Doce do Maranhão (MA)";"9136"
"2100204";"Alcântara (MA)";"13480"
"2100303";"Aldeias Altas (MA)";"7570"
"2100402";"Altamira do Maranhão (MA)";"3481"
"2100436";"Alto Alegre do Maranhão (MA)";"4698"
"2100477";"Alto Alegre do Pindaré (MA)";"11631"
"2100501";"Alto Parnaíba (MA)";"2747"
"2100550";"Amapá do Maranhão (MA)";"1740"
"2100600";"Amarante do Maranhão (MA)";"21283"
"2100709";"Anajatuba (MA)";"17037"
"2100808";"Anapurus (MA)";"6077"
"2100832";"Apicum-Açu (MA)";"5926"
"2100873";"Araguanã (MA)";"6059"
"2100907";"Araioses (MA)";"27865"
"2100956";"Arame (MA)";"14960"
"2101004";"Arari (MA)";"11978"
"2101103";"Axixá (MA)";"6920"
"2101202";"Bacabal (MA)";"20680"
"2101251";"Bacabeira (MA)";"5151"
"2101301";"Bacuri (MA)";"7946"
"2101350";"Bacurituba (MA)";"3815"
"2101400";"Balsas (MA)";"12265"
"2101509";"Barão de Grajaú (MA)";"6488"
"2101608";"Barra do Corda (MA)";"26264"
"2101707";"Barreirinhas (MA)";"36878"
"2101731";"Belágua (MA)";"4012"
"2101772";"Bela Vista do Maranhão (MA)";"4722"
"2101806";"Benedito Leite (MA)";"2092"
"2101905";"Bequimão (MA)";"13579"
"2101939";"Bernardo do Mearim (MA)";"3257"
"2101970";"Boa Vista do Gurupi (MA)";"1426"
"2102002";"Bom Jardim (MA)";"16853"
"2102036";"Bom Jesus das Selvas (MA)";"10506"
"2102077";"Bom Lugar (MA)";"8336"
"2102101";"Brejo (MA)";"18128"
"2102150";"Brejo de Areia (MA)";"6228"
"2102200";"Buriti (MA)";"19795"
"2102309";"Buriti Bravo (MA)";"5415"
"2102325";"Buriticupu (MA)";"15576"
"2102358";"Buritirana (MA)";"8929"
"2102374";"Cachoeira Grande (MA)";"5393"
"2102408";"Cajapió (MA)";"6499"
"2102507";"Cajari (MA)";"12681"
"2102556";"Campestre do Maranhão (MA)";"2539"
"2102606";"Cândido Mendes (MA)";"6465"
"2102705";"Cantanhede (MA)";"7780"
"2102754";"Capinzal do Norte (MA)";"5387"
"2102804";"Carolina (MA)";"7350"
"2102903";"Carutapera (MA)";"6363"
"2103000";"Caxias (MA)";"35698"
"2103109";"Cedral (MA)";"7786"
"2103125";"Central do Maranhão (MA)";"2982"
"2103158";"Centro do Guilherme (MA)";"5200"
"2103174";"Centro Novo do Maranhão (MA)";"8902"
"2103208";"Chapadinha (MA)";"20013"
"2103257";"Cidelândia (MA)";"5815"
"2103307";"Codó (MA)";"31072"
"2103406";"Coelho Neto (MA)";"7164"
"2103505";"Colinas (MA)";"12633"
"2103554";"Conceição do Lago-Açu (MA)";"7832"
"2103604";"Coroatá (MA)";"17373"
"2103703";"Cururupu (MA)";"9035"
"2103752";"Davinópolis (MA)";"1686"
"2103802";"Dom Pedro (MA)";"6620"
"2103901";"Duque Bacelar (MA)";"4608"
"2104008";"Esperantinópolis (MA)";"8297"
"2104057";"Estreito (MA)";"7538"
"2104073";"Feira Nova do Maranhão (MA)";"5216"
"2104081";"Fernando Falcão (MA)";"8761"
"2104099";"Formosa da Serra Negra (MA)";"11192"
"2104107";"Fortaleza dos Nogueiras (MA)";"4512"
"2104206";"Fortuna (MA)";"6902"
"2104305";"Godofredo Viana (MA)";"1365"
"2104404";"Gonçalves Dias (MA)";"8988"
"2104503";"Governador Archer (MA)";"2830"
"2104552";"Governador Edison Lobão (MA)";"2994"
"2104602";"Governador Eugênio Barros (MA)";"8959"
"2104628";"Governador Luiz Rocha (MA)";"2160"
"2104651";"Governador Newton Bello (MA)";"4937"
"2104677";"Governador Nunes Freire (MA)";"7406"
"2104701";"Graça Aranha (MA)";"3180"
"2104800";"Grajaú (MA)";"26009"
"2104909";"Guimarães (MA)";"4713"
"2105005";"Humberto de Campos (MA)";"14126"
"2105104";"Icatu (MA)";"15205"
"2105153";"Igarapé do Meio (MA)";"6855"
"2105203";"Igarapé Grande (MA)";"3570"
"2105302";"Imperatriz (MA)";"11110"
"2105351";"Itaipava do Grajaú (MA)";"7863"
"2105401";"Itapecuru Mirim (MA)";"23714"
"2105427";"Itinga do Maranhão (MA)";"5590"
"2105450";"Jatobá (MA)";"3950"
"2105476";"Jenipapo dos Vieiras (MA)";"14263"
"2105500";"João Lisboa (MA)";"7735"
"2105609";"Joselândia (MA)";"7721"
"2105658";"Junco do Maranhão (MA)";"2130"
"2105708";"Lago da Pedra (MA)";"13420"
"2105807";"Lago do Junco (MA)";"5305"
"2105906";"Lago Verde (MA)";"9503"
"2105922";"Lagoa do Mato (MA)";"5586"
"2105948";"Lago dos Rodrigues (MA)";"3776"
"2105963";"Lagoa Grande do Maranhão (MA)";"3829"
"2105989";"Lajeado Novo (MA)";"3451"
"2106003";"Lima Campos (MA)";"4365"
"2106102";"Loreto (MA)";"4654"
"2106201";"Luís Domingues (MA)";"961"
"2106300";"Magalhães de Almeida (MA)";"6199"
"2106326";"Maracaçumé (MA)";"3530"
"2106359";"Marajá do Sena (MA)";"5529"
"2106375";"Maranhãozinho (MA)";"5921"
"2106409";"Mata Roma (MA)";"8281"
"2106508";"Matinha (MA)";"13536"
"2106607";"Matões (MA)";"15923"
"2106631";"Matões do Norte (MA)";"9089"
"2106672";"Milagres do Maranhão (MA)";"7243"
"2106706";"Mirador (MA)";"10087"
"2106755";"Miranda do Norte (MA)";"4020"
"2106805";"Mirinzal (MA)";"5017"
"2106904";"Monção (MA)";"15080"
"2107001";"Montes Altos (MA)";"4245"
"2107100";"Morros (MA)";"11010"
"2107209";"Nina Rodrigues (MA)";"8453"
"2107258";"Nova Colinas (MA)";"2707"
"2107308";"Nova Iorque (MA)";"1412"
"2107357";"Nova Olinda do Maranhão (MA)";"4792"
"2107407";"Olho d'Água das Cunhãs (MA)";"7743"
"2107456";"Olinda Nova do Maranhão (MA)";"7237"
"2107506";"Paço do Lumiar (MA)";"811"
"2107605";"Palmeirândia (MA)";"16995"
"2107704";"Paraibano (MA)";"3980"
"2107803";"Parnarama (MA)";"17972"
"2107902";"Passagem Franca (MA)";"5833"
"2108009";"Pastos Bons (MA)";"5242"
"2108058";"Paulino Neves (MA)";"10617"
"2108108";"Paulo Ramos (MA)";"8835"
"2108207";"Pedreiras (MA)";"6236"
"2108256";"Pedro do Rosário (MA)";"16463"
"2108306";"Penalva (MA)";"17263"
"2108405";"Peri Mirim (MA)";"7841"
"2108454";"Peritoró (MA)";"7856"
"2108504";"Pindaré-Mirim (MA)";"9267"
"2108603";"Pinheiro (MA)";"27961"
"2108702";"Pio XII (MA)";"9455"
"2108801";"Pirapemas (MA)";"5771"
"2108900";"Poção de Pedras (MA)";"9025"
"2109007";"Porto Franco (MA)";"4621"
"2109056";"Porto Rico do Maranhão (MA)";"3479"
"2109106";"Presidente Dutra (MA)";"12489"
"2109205";"Presidente Juscelino (MA)";"6933"
"2109239";"Presidente Médici (MA)";"1035"
"2109270";"Presidente Sarney (MA)";"8537"
"2109304";"Presidente Vargas (MA)";"5701"
"2109403";"Primeira Cruz (MA)";"9608"
"2109452";"Raposa (MA)";"234"
"2109502";"Riachão (MA)";"10473"
"2109551";"Ribamar Fiquene (MA)";"3627"
"2109601";"Rosário (MA)";"12898"
"2109700";"Sambaíba (MA)";"2644"
"2109759";"Santa Filomena do Maranhão (MA)";"4434"
"2109809";"Santa Helena (MA)";"20637"
"2109908";"Santa Inês (MA)";"8869"
"2110005";"Santa Luzia (MA)";"30512"
"2110039";"Santa Luzia do Paruá (MA)";"5844"
"2110104";"Santa Quitéria do Maranhão (MA)";"10530"
"2110203";"Santa Rita (MA)";"19509"
"2110237";"Santana do Maranhão (MA)";"8199"
"2110278";"Santo Amaro do Maranhão (MA)";"8402"
"2110302";"Santo Antônio dos Lopes (MA)";"7274"
"2110401";"São Benedito do Rio Preto (MA)";"6380"
"2110500";"São Bento (MA)";"18757"
"2110609";"São Bernardo (MA)";"13626"
"2110658";"São Domingos do Azeitão (MA)";"2387"
"2110708";"São Domingos do Maranhão (MA)";"15570"
"2110807";"São Félix de Balsas (MA)";"2692"
"2110856";"São Francisco do Brejão (MA)";"4332"
"2110906";"São Francisco do Maranhão (MA)";"7726"
"2111003";"São João Batista (MA)";"12482"
"2111029";"São João do Carú (MA)";"5558"
"2111052";"São João do Paraíso (MA)";"4330"
"2111078";"São João do Soter (MA)";"9510"
"2111102";"São João dos Patos (MA)";"3391"
"2111201";"São José de Ribamar (MA)";"3739"
"2111250";"São José dos Basílios (MA)";"4161"
"2111300";"São Luís (MA)";"7836"
"2111409";"São Luís Gonzaga do Maranhão (MA)";"10325"
"2111508";"São Mateus do Maranhão (MA)";"10055"
"2111532";"São Pedro da Água Branca (MA)";"2426"
"2111573";"São Pedro dos Crentes (MA)";"2636"
"2111607";"São Raimundo das Mangabeiras (MA)";"4905"
"2111631";"São Raimundo do Doca Bezerra (MA)";"3733"
"2111672";"São Roberto (MA)";"2075"
"2111706";"São Vicente Ferrer (MA)";"13961"
"2111722";"Satubinha (MA)";"4951"
"2111748";"Senador Alexandre Costa (MA)";"3980"
"2111763";"Senador La Rocque (MA)";"4597"
"2111789";"Serrano do Maranhão (MA)";"5774"
"2111805";"Sítio Novo (MA)";"11197"
"2111904";"Sucupira do Norte (MA)";"4539"
"2111953";"Sucupira do Riachão (MA)";"2295"
"2112001";"Tasso Fragoso (MA)";"2694"
"2112100";"Timbiras (MA)";"7774"
"2112209";"Timon (MA)";"18788"
"2112233";"Trizidela do Vale (MA)";"3413"
"2112274";"Tufilândia (MA)";"2514"
"2112308";"Tuntum (MA)";"18927"
"2112407";"Turiaçu (MA)";"24584"
"2112456";"Turilândia (MA)";"18039"
"2112506";"Tutóia (MA)";"24104"
"2112605";"Urbano Santos (MA)";"13108"
"2112704";"Vargem Grande (MA)";"14500"
"2112803";"Viana (MA)";"21833"
"2112852";"Vila Nova dos Martírios (MA)";"3617"
"2112902";"Vitória do Mearim (MA)";"12692"
"2113009";"Vitorino Freire (MA)";"13362"
"2114007";"Zé Doca (MA)";"13343"
"Fonte: IBGE - Censo Demográfico"

"Notas"
"1 - Dados do Universo."
""
"Legenda"
"Símbolo";"Significado"
"-";"Zero absoluto, não resultante de um cálculo ou arredondamento.
Ex: Em determinado município não existem pessoas de 14 anos de idade sem instrução."
"0";"Zero resultante de um cálculo ou arredondamento.
Ex: A inflação do feijão em determinada Região Metropolitana foi 0.
Determinado município produziu 400 kg de sementes de girassol e os dados da tabela são expressos em toneladas."
"X";"Valor inibido para não identificar o informante.
Ex: Determinado município só possui uma empresa produtora de cimento, logo o valor de sua produção deve ser inibido."
"..";"Valor não se aplica.
Ex: Não se pode obter o total da produção agrícola em determinado município quando os produtos agrícolas são contabilizados com unidades de medida distintas."
"...";"Valor não disponível.
Ex: A produção de feijão em determinado município não foi pesquisada ou determinado município não existia no ano da pesquisa."
"A a Z
(exceto X)";"Significa uma faixa de valores. Varia em função da tabela (se for o caso).
Ex: O nível de precisão da produção estimada de combustíveis está na faixa A (95 a 100%)"
