"Tabela 9514 - População residente, por sexo, idade e forma de declaração da idade"
"Variável - População residente (Pessoas)"
"Cód.";"Município";"Forma de declaração da idade";"Ano x Sexo x Idade"
"Cód.";"Município";"Forma de declaração da idade";"2022"
"Cód.";"Município";"Forma de declaração da idade";"Homens"
"Cód.";"Município";"Forma de declaração da idade";"Total"
"2100055";"Açailândia (MA)";"Total";"52604"
"2100105";"Afonso Cunha (MA)";"Total";"3131"
"2100154";"Água Doce do Maranhão (MA)";"Total";"6210"
"2100204";"Alcântara (MA)";"Total";"9401"
"2100303";"Aldeias Altas (MA)";"Total";"11665"
"2100402";"Altamira do Maranhão (MA)";"Total";"3264"
"2100436";"Alto Alegre do Maranhão (MA)";"Total";"11850"
"2100477";"Alto Alegre do Pindaré (MA)";"Total";"12972"
"2100501";"Alto Parnaíba (MA)";"Total";"5750"
"2100550";"Amapá do Maranhão (MA)";"Total";"3655"
"2100600";"Amarante do Maranhão (MA)";"Total";"19092"
"2100709";"Anajatuba (MA)";"Total";"12877"
"2100808";"Anapurus (MA)";"Total";"6885"
"2100832";"Apicum-Açu (MA)";"Total";"9065"
"2100873";"Araguanã (MA)";"Total";"5627"
"2100907";"Araioses (MA)";"Total";"19996"
"2100956";"Arame (MA)";"Total";"13151"
"2101004";"Arari (MA)";"Total";"14603"
"2101103";"Axixá (MA)";"Total";"5869"
"2101202";"Bacabal (MA)";"Total";"49719"
"2101251";"Bacabeira (MA)";"Total";"8418"
"2101301";"Bacuri (MA)";"Total";"8289"
"2101350";"Bacurituba (MA)";"Total";"2708"
"2101400";"Balsas (MA)";"Total";"50266"
"2101509";"Barão de Grajaú (MA)";"Total";"9442"
"2101608";"Barra do Corda (MA)";"Total";"41821"
"2101707";"Barreirinhas (MA)";"Total";"33368"
"2101731";"Belágua (MA)";"Total";"4482"
"2101772";"Bela Vista do Maranhão (MA)";"Total";"5853"
"2101806";"Benedito Leite (MA)";"Total";"2810"
"2101905";"Bequimão (MA)";"Total";"9895"
"2101939";"Bernardo do Mearim (MA)";"Total";"2917"
"2101970";"Boa Vista do Gurupi (MA)";"Total";"3844"
"2102002";"Bom Jardim (MA)";"Total";"16676"
"2102036";"Bom Jesus das Selvas (MA)";"Total";"14743"
"2102077";"Bom Lugar (MA)";"Total";"6209"
"2102101";"Brejo (MA)";"Total";"17137"
"2102150";"Brejo de Areia (MA)";"Total";"4772"
"2102200";"Buriti (MA)";"Total";"15156"
"2102309";"Buriti Bravo (MA)";"Total";"11203"
"2102325";"Buriticupu (MA)";"Total";"27750"
"2102358";"Buritirana (MA)";"Total";"6550"
"2102374";"Cachoeira Grande (MA)";"Total";"5063"
"2102408";"Cajapió (MA)";"Total";"5109"
"2102507";"Cajari (MA)";"Total";"8334"
"2102556";"Campestre do Maranhão (MA)";"Total";"6218"
"2102606";"Cândido Mendes (MA)";"Total";"10250"
"2102705";"Cantanhede (MA)";"Total";"12155"
"2102754";"Capinzal do Norte (MA)";"Total";"5614"
"2102804";"Carolina (MA)";"Total";"12246"
"2102903";"Carutapera (MA)";"Total";"12356"
"2103000";"Caxias (MA)";"Total";"75389"
"2103109";"Cedral (MA)";"Total";"5224"
"2103125";"Central do Maranhão (MA)";"Total";"3674"
"2103158";"Centro do Guilherme (MA)";"Total";"6327"
"2103174";"Centro Novo do Maranhão (MA)";"Total";"8485"
"2103208";"Chapadinha (MA)";"Total";"39966"
"2103257";"Cidelândia (MA)";"Total";"6557"
"2103307";"Codó (MA)";"Total";"55286"
"2103406";"Coelho Neto (MA)";"Total";"20538"
"2103505";"Colinas (MA)";"Total";"19674"
"2103554";"Conceição do Lago-Açu (MA)";"Total";"7692"
"2103604";"Coroatá (MA)";"Total";"29368"
"2103703";"Cururupu (MA)";"Total";"15957"
"2103752";"Davinópolis (MA)";"Total";"7266"
"2103802";"Dom Pedro (MA)";"Total";"11204"
"2103901";"Duque Bacelar (MA)";"Total";"5150"
"2104008";"Esperantinópolis (MA)";"Total";"9063"
"2104057";"Estreito (MA)";"Total";"16707"
"2104073";"Feira Nova do Maranhão (MA)";"Total";"4200"
"2104081";"Fernando Falcão (MA)";"Total";"5658"
"2104099";"Formosa da Serra Negra (MA)";"Total";"9287"
"2104107";"Fortaleza dos Nogueiras (MA)";"Total";"6399"
"2104206";"Fortuna (MA)";"Total";"8618"
"2104305";"Godofredo Viana (MA)";"Total";"5269"
"2104404";"Gonçalves Dias (MA)";"Total";"8556"
"2104503";"Governador Archer (MA)";"Total";"5093"
"2104552";"Governador Edison Lobão (MA)";"Total";"9324"
"2104602";"Governador Eugênio Barros (MA)";"Total";"6984"
"2104628";"Governador Luiz Rocha (MA)";"Total";"3617"
"2104651";"Governador Newton Bello (MA)";"Total";"5556"
"2104677";"Governador Nunes Freire (MA)";"Total";"11652"
"2104701";"Graça Aranha (MA)";"Total";"3014"
"2104800";"Grajaú (MA)";"Total";"37226"
"2104909";"Guimarães (MA)";"Total";"5133"
"2105005";"Humberto de Campos (MA)";"Total";"13327"
"2105104";"Icatu (MA)";"Total";"12665"
"2105153";"Igarapé do Meio (MA)";"Total";"6949"
"2105203";"Igarapé Grande (MA)";"Total";"5072"
"2105302";"Imperatriz (MA)";"Total";"131439"
"2105351";"Itaipava do Grajaú (MA)";"Total";"7124"
"2105401";"Itapecuru Mirim (MA)";"Total";"29561"
"2105427";"Itinga do Maranhão (MA)";"Total";"11229"
"2105450";"Jatobá (MA)";"Total";"3777"
"2105476";"Jenipapo dos Vieiras (MA)";"Total";"8777"
"2105500";"João Lisboa (MA)";"Total";"12211"
"2105609";"Joselândia (MA)";"Total";"7572"
"2105658";"Junco do Maranhão (MA)";"Total";"2573"
"2105708";"Lago da Pedra (MA)";"Total";"21964"
"2105807";"Lago do Junco (MA)";"Total";"4767"
"2105906";"Lago Verde (MA)";"Total";"7322"
"2105922";"Lagoa do Mato (MA)";"Total";"5316"
"2105948";"Lago dos Rodrigues (MA)";"Total";"4376"
"2105963";"Lagoa Grande do Maranhão (MA)";"Total";"5902"
"2105989";"Lajeado Novo (MA)";"Total";"3671"
"2106003";"Lima Campos (MA)";"Total";"5516"
"2106102";"Loreto (MA)";"Total";"5948"
"2106201";"Luís Domingues (MA)";"Total";"3673"
"2106300";"Magalhães de Almeida (MA)";"Total";"6994"
"2106326";"Maracaçumé (MA)";"Total";"10369"
"2106359";"Marajá do Sena (MA)";"Total";"3866"
"2106375";"Maranhãozinho (MA)";"Total";"6956"
"2106409";"Mata Roma (MA)";"Total";"8607"
"2106508";"Matinha (MA)";"Total";"10987"
"2106607";"Matões (MA)";"Total";"16176"
"2106631";"Matões do Norte (MA)";"Total";"8836"
"2106672";"Milagres do Maranhão (MA)";"Total";"4555"
"2106706";"Mirador (MA)";"Total";"10753"
"2106755";"Miranda do Norte (MA)";"Total";"11874"
"2106805";"Mirinzal (MA)";"Total";"7035"
"2106904";"Monção (MA)";"Total";"13933"
"2107001";"Montes Altos (MA)";"Total";"4717"
"2107100";"Morros (MA)";"Total";"9508"
"2107209";"Nina Rodrigues (MA)";"Total";"6831"
"2107258";"Nova Colinas (MA)";"Total";"2633"
"2107308";"Nova Iorque (MA)";"Total";"2175"
"2107357";"Nova Olinda do Maranhão (MA)";"Total";"7090"
"2107407";"Olho d'Água das Cunhãs (MA)";"Total";"8875"
"2107456";"Olinda Nova do Maranhão (MA)";"Total";"6885"
"2107506";"Paço do Lumiar (MA)";"Total";"69377"
"2107605";"Palmeirândia (MA)";"Total";"10475"
"2107704";"Paraibano (MA)";"Total";"9004"
"2107803";"Parnarama (MA)";"Total";"15614"
"2107902";"Passagem Franca (MA)";"Total";"8513"
"2108009";"Pastos Bons (MA)";"Total";"9441"
"2108058";"Paulino Neves (MA)";"Total";"8746"
"2108108";"Paulo Ramos (MA)";"Total";"10177"
"2108207";"Pedreiras (MA)";"Total";"17693"
"2108256";"Pedro do Rosário (MA)";"Total";"12151"
"2108306";"Penalva (MA)";"Total";"16126"
"2108405";"Peri Mirim (MA)";"Total";"5575"
"2108454";"Peritoró (MA)";"Total";"10213"
"2108504";"Pindaré-Mirim (MA)";"Total";"15226"
"2108603";"Pinheiro (MA)";"Total";"40773"
"2108702";"Pio XII (MA)";"Total";"10830"
"2108801";"Pirapemas (MA)";"Total";"8831"
"2108900";"Poção de Pedras (MA)";"Total";"8604"
"2109007";"Porto Franco (MA)";"Total";"11867"
"2109056";"Porto Rico do Maranhão (MA)";"Total";"3062"
"2109106";"Presidente Dutra (MA)";"Total";"22025"
"2109205";"Presidente Juscelino (MA)";"Total";"5850"
"2109239";"Presidente Médici (MA)";"Total";"2350"
"2109270";"Presidente Sarney (MA)";"Total";"8709"
"2109304";"Presidente Vargas (MA)";"Total";"5233"
"2109403";"Primeira Cruz (MA)";"Total";"7184"
"2109452";"Raposa (MA)";"Total";"15051"
"2109502";"Riachão (MA)";"Total";"11407"
"2109551";"Ribamar Fiquene (MA)";"Total";"3787"
"2109601";"Rosário (MA)";"Total";"18777"
"2109700";"Sambaíba (MA)";"Total";"2898"
"2109759";"Santa Filomena do Maranhão (MA)";"Total";"3494"
"2109809";"Santa Helena (MA)";"Total";"20320"
"2109908";"Santa Inês (MA)";"Total";"40886"
"2110005";"Santa Luzia (MA)";"Total";"28959"
"2110039";"Santa Luzia do Paruá (MA)";"Total";"12132"
"2110104";"Santa Quitéria do Maranhão (MA)";"Total";"11915"
"2110203";"Santa Rita (MA)";"Total";"18489"
"2110237";"Santana do Maranhão (MA)";"Total";"5308"
"2110278";"Santo Amaro do Maranhão (MA)";"Total";"7130"
"2110302";"Santo Antônio dos Lopes (MA)";"Total";"7120"
"2110401";"São Benedito do Rio Preto (MA)";"Total";"9329"
"2110500";"São Bento (MA)";"Total";"22320"
"2110609";"São Bernardo (MA)";"Total";"13449"
"2110658";"São Domingos do Azeitão (MA)";"Total";"4037"
"2110708";"São Domingos do Maranhão (MA)";"Total";"16992"
"2110807";"São Félix de Balsas (MA)";"Total";"2265"
"2110856";"São Francisco do Brejão (MA)";"Total";"4541"
"2110906";"São Francisco do Maranhão (MA)";"Total";"6115"
"2111003";"São João Batista (MA)";"Total";"9257"
"2111029";"São João do Carú (MA)";"Total";"6240"
"2111052";"São João do Paraíso (MA)";"Total";"5134"
"2111078";"São João do Soter (MA)";"Total";"8394"
"2111102";"São João dos Patos (MA)";"Total";"12110"
"2111201";"São José de Ribamar (MA)";"Total";"116127"
"2111250";"São José dos Basílios (MA)";"Total";"3536"
"2111300";"São Luís (MA)";"Total";"483501"
"2111409";"São Luís Gonzaga do Maranhão (MA)";"Total";"8835"
"2111508";"São Mateus do Maranhão (MA)";"Total";"19130"
"2111532";"São Pedro da Água Branca (MA)";"Total";"7308"
"2111573";"São Pedro dos Crentes (MA)";"Total";"3048"
"2111607";"São Raimundo das Mangabeiras (MA)";"Total";"9511"
"2111631";"São Raimundo do Doca Bezerra (MA)";"Total";"2945"
"2111672";"São Roberto (MA)";"Total";"2325"
"2111706";"São Vicente Ferrer (MA)";"Total";"9781"
"2111722";"Satubinha (MA)";"Total";"4528"
"2111748";"Senador Alexandre Costa (MA)";"Total";"5127"
"2111763";"Senador La Rocque (MA)";"Total";"7256"
"2111789";"Serrano do Maranhão (MA)";"Total";"5333"
"2111805";"Sítio Novo (MA)";"Total";"8942"
"2111904";"Sucupira do Norte (MA)";"Total";"5258"
"2111953";"Sucupira do Riachão (MA)";"Total";"2539"
"2112001";"Tasso Fragoso (MA)";"Total";"4559"
"2112100";"Timbiras (MA)";"Total";"13152"
"2112209";"Timon (MA)";"Total";"84197"
"2112233";"Trizidela do Vale (MA)";"Total";"10863"
"2112274";"Tufilândia (MA)";"Total";"2798"
"2112308";"Tuntum (MA)";"Total";"18436"
"2112407";"Turiaçu (MA)";"Total";"18500"
"2112456";"Turilândia (MA)";"Total";"15571"
"2112506";"Tutóia (MA)";"Total";"26630"
"2112605";"Urbano Santos (MA)";"Total";"16665"
"2112704";"Vargem Grande (MA)";"Total";"21704"
"2112803";"Viana (MA)";"Total";"25435"
"2112852";"Vila Nova dos Martírios (MA)";"Total";"5266"
"2112902";"Vitória do Mearim (MA)";"Total";"15166"
"2113009";"Vitorino Freire (MA)";"Total";"15293"
"2114007";"Zé Doca (MA)";"Total";"20114"
"Fonte: IBGE - Censo Demográfico"

"Notas"
"1 - Dados do Universo."
"2- Os dados referentes aos municípios Abel Figueiredo (PA) e São Pedro da Água Branca (MA) foram corrigidos no dia 22/12/2023, impactando nos totais dos estados do Pará e do Maranhão e nos totais das Grandes Regiões do Norte e Nordeste."
""
"Legenda"
"Símbolo";"Significado"
"-";"Zero absoluto, não resultante de um cálculo ou arredondamento.
Ex: Em determinado município não existem pessoas de 14 anos de idade sem instrução."
"0";"Zero resultante de um cálculo ou arredondamento.
Ex: A inflação do feijão em determinada Região Metropolitana foi 0.
Determinado município produziu 400 kg de sementes de girassol e os dados da tabela são expressos em toneladas."
"X";"Valor inibido para não identificar o informante.
Ex: Determinado município só possui uma empresa produtora de cimento, logo o valor de sua produção deve ser inibido."
"..";"Valor não se aplica.
Ex: Não se pode obter o total da produção agrícola em determinado município quando os produtos agrícolas são contabilizados com unidades de medida distintas."
"...";"Valor não disponível.
Ex: A produção de feijão em determinado município não foi pesquisada ou determinado município não existia no ano da pesquisa."
"A a Z
(exceto X)";"Significa uma faixa de valores. Varia em função da tabela (se for o caso).
Ex: O nível de precisão da produção estimada de combustíveis está na faixa A (95 a 100%)"
